{
    "/4216354.html": {
        "author": "Esteban, Daniel J. (La Gaude, FR), Galand, Claude R. (La Gaude, FR), Mauduit, Daniel (Nice, FR), Menez, Jean (Cagnes-sur-Mer, FR)",
        "country": "United States",
        "month": "August",
        "number": "4216354",
        "title": "Process for compressing data relative to voice signals and device applying said process",
        "year": "1980"
    },
    "/4456928.html": {
        "author": "Guillon, Jean C. (Paris, FR), Coschieri, Jean C. (Paris, FR), Duret, Bernard (Paris, FR), Van Den, Driessche Michel (Paris, FR)",
        "country": "United States",
        "month": "June",
        "number": "4456928",
        "title": "Integrated interface circuit between a television receiver and its peritelevision connector",
        "year": "1984"
    },
    "/4464783.html": {
        "author": "Beraud, Jean-paul (Saint-Laurent-du-Var, FR), Esteban, Daniel J. (Raleigh, NC), Galand, Claude (Cagnes, FR)",
        "country": "United States",
        "month": "August",
        "number": "4464783",
        "title": "Speech coding method and device for implementing the improved method",
        "year": "1984"
    },
    "/7499546.html": {
        "author": "Donescu, Ioana (Rennes, FR), Onno, Patrice (Rennes, FR)",
        "country": "United States",
        "month": "March",
        "number": "7499546",
        "title": "Insertion of supplementary information in digital data",
        "year": "2009"
    }
}